lag,t2m_raw,t2m_anom,tp_raw,tp_anom,swvl1_anom
0,1.0000,1.0000,1.0000,1.0000,1.0000
1,0.9775,0.8264,0.2767,0.2664,0.9188
2,0.9489,0.6070,0.0677,0.0550,0.8042
3,0.9282,0.4523,0.0460,0.0327,0.7086
4,0.9141,0.3506,0.0320,0.0199,0.6281
5,0.9042,0.2830,0.0221,0.0084,0.5587
6,0.8970,0.2405,0.0284,0.0134,0.5003
7,0.8913,0.2109,0.0408,0.0255,0.4506
8,0.8860,0.1861,0.0241,0.0083,0.4070
9,0.8814,0.1681,0.0061,-0.0093,0.3688
10,0.8771,0.1537,0.0099,-0.0048,0.3360
11,0.8720,0.1363,0.0190,0.0050,0.3069
12,0.8664,0.1180,0.0144,0.0022,0.2795
13,0.8609,0.1022,0.0172,0.0043,0.2545
14,0.8556,0.0896,0.0211,0.0065,0.2317
15,0.8509,0.0839,0.0361,0.0220,0.2105
16,0.8467,0.0847,0.0246,0.0107,0.1912
17,0.8424,0.0864,-0.0018,-0.0155,0.1732
18,0.8375,0.0854,0.0032,-0.0087,0.1578
19,0.8320,0.0811,-0.0060,-0.0169,0.1469
20,0.8262,0.0760,0.0097,0.0004,0.1405
21,0.8206,0.0750,-0.0055,-0.0166,0.1333
22,0.8148,0.0754,0.0020,-0.0096,0.1267
23,0.8089,0.0761,-0.0023,-0.0142,0.1210
24,0.8031,0.0785,0.0020,-0.0085,0.1176
25,0.7970,0.0798,0.0138,0.0009,0.1164
26,0.7910,0.0836,0.0112,-0.0028,0.1178
27,0.7845,0.0857,0.0155,0.0072,0.1181
28,0.7770,0.0819,0.0155,0.0058,0.1186
29,0.7688,0.0747,0.0085,-0.0013,0.1201
30,0.7606,0.0712,0.0139,0.0050,0.1237
31,0.7532,0.0755,0.0053,-0.0067,0.1274
32,0.7463,0.0850,0.0081,-0.0023,0.1295
33,0.7391,0.0936,0.0154,0.0069,0.1297
34,0.7310,0.0955,0.0085,-0.0025,0.1282
35,0.7227,0.0970,0.0169,0.0057,0.1262
36,0.7141,0.0976,0.0139,0.0052,0.1234
37,0.7050,0.0967,0.0146,0.0065,0.1219
38,0.6950,0.0906,0.0207,0.0113,0.1229
39,0.6851,0.0865,0.0231,0.0119,0.1245
40,0.6748,0.0791,0.0155,0.0026,0.1256
41,0.6645,0.0749,0.0212,0.0093,0.1265
42,0.6543,0.0741,0.0247,0.0136,0.1242
43,0.6440,0.0735,0.0129,0.0036,0.1173
44,0.6334,0.0732,0.0073,-0.0008,0.1080
45,0.6219,0.0657,0.0052,-0.0016,0.0989
46,0.6101,0.0574,0.0013,-0.0053,0.0915
47,0.5986,0.0529,0.0080,0.0029,0.0862
48,0.5870,0.0485,0.0250,0.0156,0.0818
49,0.5754,0.0448,0.0126,0.0020,0.0784
50,0.5641,0.0440,0.0087,-0.0017,0.0771
51,0.5528,0.0457,0.0103,0.0009,0.0758
52,0.5417,0.0501,-0.0007,-0.0065,0.0737
53,0.5303,0.0524,0.0117,0.0069,0.0729
54,0.5188,0.0559,0.0180,0.0116,0.0698
55,0.5068,0.0566,0.0071,0.0020,0.0637
56,0.4939,0.0521,0.0000,-0.0056,0.0596
57,0.4807,0.0473,0.0138,0.0058,0.0572
58,0.4679,0.0466,0.0121,0.0095,0.0571
59,0.4549,0.0444,0.0044,0.0001,0.0596
60,0.4416,0.0405,0.0014,-0.0051,0.0631
91,0.0005,0.0375,-0.0155,-0.0184,0.0316
182,-0.8435,0.0307,0.0032,0.0108,0.0337
365,0.8550,0.0168,0.0161,-0.0199,-0.0368
730,0.8293,0.0078,0.0181,-0.0104,0.0043
