year,t2m_mean,t2m_max,t2m_min,tp_total,rainy_days,swvl1_mean,days
1990,16.2481,37.8717,-2.9793,439.3757,75,0.3477,365
1991,15.2625,37.0946,-4.6598,432.2951,85,0.3705,365
1992,16.0400,37.4257,-3.6158,385.4472,65,0.3445,366
1993,16.0266,39.5788,-3.6944,462.4209,81,0.3572,365
1994,16.6239,39.5802,-3.2184,422.5295,86,0.3527,365
1995,15.6625,38.5824,-3.7550,479.5620,92,0.3599,365
1996,15.3959,39.1051,-4.9615,572.6239,102,0.3778,366
1997,16.1019,39.0441,-3.0179,490.7507,73,0.3621,365
1998,16.2537,41.5573,-4.0392,513.9239,83,0.3652,365
1999,16.3434,42.6618,-3.2936,425.4679,76,0.3565,365
2000,16.7685,43.2697,-3.7396,416.2748,72,0.3504,366
2001,16.8263,40.3520,-2.2945,380.9465,83,0.3434,365
2002,16.5160,39.1762,-5.2411,608.8434,106,0.3764,365
2003,16.6672,41.5231,-2.6529,610.6023,97,0.3702,365
2004,16.2295,40.6522,-4.1905,644.8624,101,0.3840,366
2005,15.6863,43.1029,-3.8482,610.8824,111,0.3801,365
2006,15.9365,41.2238,-4.7440,587.0678,97,0.3776,365
2007,16.7742,42.4660,-3.1285,527.3312,96,0.3673,365
2008,16.9390,41.4496,-3.7989,489.6494,88,0.3588,366
2009,16.4488,41.6852,-3.6505,747.4362,128,0.3914,365
2010,15.9494,39.5973,-5.3434,641.5035,108,0.3914,365
2011,16.6545,40.5290,-3.5758,424.3342,81,0.3609,365
2012,17.2029,42.8915,-5.4303,568.3655,92,0.3580,366
2013,16.7763,42.5932,-4.1856,513.8634,96,0.3627,365
2014,16.7604,39.5258,-1.8294,582.3875,113,0.3814,365
2015,16.9721,41.6105,-2.2169,516.3800,94,0.3697,365
2016,16.7612,40.0019,-5.3309,584.9516,98,0.3795,366
2017,17.0707,43.7113,-7.4710,465.4354,84,0.3591,365
2018,17.2340,39.3224,-6.9706,680.3997,117,0.3883,365
2019,17.2795,41.1649,-1.9784,537.5150,98,0.3696,365
2020,17.1465,40.9503,-1.2655,511.3234,74,0.3537,366
2021,17.2757,42.2938,-3.9286,503.5831,91,0.3700,365
2022,17.5250,42.8986,-2.4774,586.9479,79,0.3668,365
2023,17.6702,43.6659,-1.9046,567.1843,93,0.3761,365
2024,18.4784,41.2138,-0.4154,427.6318,84,0.3528,366
2025,17.6466,41.2255,0.2116,513.9466,83,0.3668,364
