mmdd,doy,t2m_mean,tp_mean,t2m_smooth,tp_smooth
01-01,1,7.7007,1.1791,7.6637,1.6721
01-02,2,7.2461,1.3992,7.6235,1.6373
01-03,3,7.5055,3.0214,7.6154,1.6566
01-04,4,7.3738,2.0174,7.6258,1.6801
01-05,5,7.6562,0.9369,7.6249,1.7179
01-06,6,7.4150,1.0148,7.6036,1.7175
01-07,7,7.5496,1.3539,7.5707,1.7698
01-08,8,8.0639,1.5006,7.5238,1.7680
01-09,9,8.1600,2.4616,7.4832,1.7974
01-10,10,7.7696,2.2685,7.4309,1.8349
01-11,11,7.8115,1.7419,7.3848,1.7662
01-12,12,7.6859,1.7623,7.3619,1.7296
01-13,13,7.2555,1.4261,7.3587,1.7151
01-14,14,7.2864,1.6417,7.3714,1.7282
01-15,15,7.0748,1.0617,7.3786,1.7695
01-16,16,6.5452,0.9073,7.3613,1.7425
01-17,17,6.9176,1.2510,7.3515,1.7629
01-18,18,7.2619,2.9809,7.3634,1.7480
01-19,19,7.5632,1.5709,7.3710,1.7045
01-20,20,7.4273,2.3423,7.3972,1.7037
01-21,21,6.9673,1.8434,7.3989,1.7107
01-22,22,7.1212,2.4598,7.4047,1.7132
01-23,23,7.0495,1.5653,7.4031,1.7126
01-24,24,7.1789,2.8756,7.3907,1.6908
01-25,25,6.9163,2.4566,7.3726,1.6616
01-26,26,7.1499,1.4607,7.3807,1.6590
01-27,27,7.0984,1.6403,7.3822,1.6402
01-28,28,7.2304,1.0342,7.3750,1.6503
01-29,29,7.5572,1.5366,7.3736,1.6604
01-30,30,7.4836,2.1104,7.3740,1.6627
01-31,31,7.1777,1.1954,7.3896,1.7007
02-01,32,7.3966,1.8126,7.4192,1.7102
02-02,33,7.6154,0.9367,7.4517,1.7080
02-03,34,7.7423,1.6720,7.4712,1.6826
02-04,35,8.1853,1.9941,7.4872,1.6690
02-05,36,7.7074,1.1529,7.5146,1.6599
02-06,37,7.5948,1.0929,7.5576,1.6559
02-07,38,7.5015,1.3332,7.6045,1.6535
02-08,39,7.6806,0.8248,7.6534,1.6529
02-09,40,7.5964,1.5578,7.7116,1.6049
02-10,41,8.0234,2.1869,7.7755,1.5757
02-11,42,7.8549,1.1605,7.8325,1.6092
02-12,43,7.4654,2.0743,7.8928,1.6092
02-13,44,7.2123,1.7395,7.9519,1.6145
02-14,45,7.2984,1.7139,8.0082,1.6461
02-15,46,7.5565,2.2400,8.0746,1.6405
02-16,47,7.4635,1.2017,8.1639,1.6374
02-17,48,7.9242,1.1810,8.2445,1.5961
02-18,49,7.8679,2.1939,8.3196,1.6564
02-19,50,8.0587,1.1483,8.3761,1.7116
02-20,51,8.2773,2.0620,8.4119,1.7321
02-21,52,8.3000,1.7190,8.4578,1.7920
02-22,53,8.5757,2.3843,8.5202,1.8190
02-23,54,8.5649,1.5491,8.5905,1.8597
02-24,55,8.9829,1.3860,8.6610,1.8693
02-25,56,8.8975,1.5509,8.7358,1.8775
02-26,57,8.9171,2.4994,8.7978,1.8761
02-27,58,8.9668,1.6400,8.8773,1.8767
02-28,59,9.0636,1.2007,8.9769,1.8549
02-29,60,9.3020,2.5139,9.0907,1.8430
03-01,61,9.5418,1.9374,9.2018,1.8348
03-02,62,9.9472,1.0995,9.3119,1.7916
03-03,63,9.8953,0.5313,9.4239,1.8042
03-04,64,9.9425,2.8058,9.5197,1.8063
03-05,65,9.4930,3.3857,9.6081,1.7913
03-06,66,9.2943,2.6296,9.6970,1.7843
03-07,67,9.1303,3.0082,9.7898,1.7872
03-08,68,9.5294,1.9305,9.8880,1.7849
03-09,69,9.6824,2.5941,9.9883,1.7615
03-10,70,9.8647,1.1240,10.0968,1.7888
03-11,71,9.9162,1.8100,10.1894,1.8088
03-12,72,9.9449,2.1455,10.2720,1.8250
03-13,73,10.3195,1.1795,10.3421,1.7988
03-14,74,10.5528,1.3973,10.4341,1.7787
03-15,75,10.7411,1.3701,10.5368,1.8040
03-16,76,10.7417,1.4608,10.6448,1.7569
03-17,77,10.9691,0.9009,10.7544,1.7204
03-18,78,10.9345,1.5920,10.8467,1.7153
03-19,79,10.8940,1.2446,10.9383,1.7593
03-20,80,10.6095,1.7303,11.0368,1.8004
03-21,81,10.8142,0.9297,11.1453,1.7623
03-22,82,11.1537,2.1525,11.2603,1.7392
03-23,83,11.3454,1.6473,11.3721,1.6586
03-24,84,11.6856,1.6590,11.4820,1.6369
03-25,85,11.9273,2.3949,11.5829,1.6095
03-26,86,11.8526,2.0086,11.6875,1.6595
03-27,87,11.4608,2.0523,11.8016,1.6545
03-28,88,11.0886,1.6870,11.9178,1.6687
03-29,89,11.8202,1.0157,12.0223,1.7060
03-30,90,12.2453,1.9874,12.1090,1.7327
03-31,91,12.6521,1.0517,12.1961,1.7421
04-01,92,12.9387,0.8064,12.2942,1.7504
04-02,93,12.8079,0.9417,12.3735,1.7997
04-03,94,12.7335,1.8949,12.4563,1.8192
04-04,95,12.9974,4.0815,12.5484,1.8193
04-05,96,12.8574,2.2020,12.6626,1.8191
04-06,97,12.8598,1.9160,12.7811,1.8404
04-07,98,12.5934,0.5080,12.9012,1.8268
04-08,99,12.9380,1.2579,13.0304,1.8284
04-09,100,12.8109,1.7441,13.1541,1.8170
04-10,101,13.1075,2.6743,13.2659,1.7859
04-11,102,13.4517,1.6545,13.4005,1.7762
04-12,103,13.5461,2.5883,13.5544,1.7571
04-13,104,13.5619,2.3345,13.7319,1.7445
04-14,105,13.2400,2.2255,13.8925,1.7552
04-15,106,13.4403,1.6612,14.0426,1.7532
04-16,107,13.7829,1.7166,14.1888,1.7685
04-17,108,13.4282,2.4293,14.3350,1.7884
04-18,109,13.5003,2.1980,14.4824,1.8213
04-19,110,13.7478,1.2465,14.6372,1.8021
04-20,111,14.1500,1.7248,14.7770,1.7126
04-21,112,14.4900,1.5887,14.9153,1.6888
04-22,113,14.8751,1.7330,15.0705,1.6489
04-23,114,15.3515,1.6970,15.2385,1.7001
04-24,115,15.5211,1.3052,15.4081,1.6898
04-25,116,15.3926,1.4306,15.6051,1.6495
04-26,117,16.0252,1.7068,15.8068,1.5889
04-27,118,16.2298,1.4621,15.9976,1.5739
04-28,119,16.5906,1.2939,16.1727,1.5456
04-29,120,16.8006,1.3491,16.3592,1.5180
04-30,121,16.8984,1.9262,16.5501,1.5149
05-01,122,17.1838,1.5256,16.7252,1.5195
05-02,123,17.4723,1.4241,16.9032,1.5029
05-03,124,17.3750,1.9599,17.0988,1.4717
05-04,125,17.5348,1.2990,17.2922,1.4363
05-05,126,17.3295,1.3066,17.4758,1.4563
05-06,127,17.1457,1.4650,17.6556,1.4286
05-07,128,17.6692,0.6797,17.8391,1.4205
05-08,129,17.8014,2.0958,18.0309,1.4383
05-09,130,18.1962,0.9383,18.2099,1.4234
05-10,131,18.9184,0.4948,18.3832,1.4012
05-11,132,19.3607,0.7942,18.5671,1.3987
05-12,133,19.3661,1.1916,18.7430,1.3665
05-13,134,18.9757,1.7085,18.9158,1.3442
05-14,135,19.3407,1.4799,19.0615,1.3317
05-15,136,19.1588,2.1289,19.2025,1.3273
05-16,137,18.8686,1.8047,19.3466,1.2832
05-17,138,19.3001,1.2020,19.4903,1.2627
05-18,139,19.4916,1.4618,19.6424,1.2609
05-19,140,19.4963,1.1022,19.8042,1.2707
05-20,141,19.4389,1.8641,19.9691,1.2738
05-21,142,19.7237,0.8663,20.1516,1.2688
05-22,143,20.1807,1.3369,20.3523,1.2491
05-23,144,20.8200,2.2854,20.5383,1.2527
05-24,145,20.8992,1.2345,20.7266,1.2285
05-25,146,20.8958,0.6191,20.9076,1.2261
05-26,147,21.0924,1.3528,21.0745,1.2574
05-27,148,21.4788,0.7071,21.2338,1.2582
05-28,149,21.5860,0.7707,21.3899,1.2350
05-29,150,21.1081,0.9070,21.5586,1.2054
05-30,151,21.1714,1.2141,21.7150,1.2111
05-31,152,21.3643,0.5592,21.8880,1.1916
06-01,153,21.6404,0.8908,22.0859,1.1693
06-02,154,22.1846,1.3665,22.2708,1.1660
06-03,155,22.3912,2.2637,22.4425,1.1552
06-04,156,22.6474,1.3953,22.6269,1.1473
06-05,157,22.9882,1.1516,22.8280,1.1149
06-06,158,23.3657,0.8536,23.0329,1.1061
06-07,159,23.4353,0.7907,23.2310,1.0857
06-08,160,23.6384,1.3473,23.4205,1.0232
06-09,161,23.8087,0.8644,23.6006,0.9940
06-10,162,24.0912,1.4650,23.7676,1.0194
06-11,163,24.2998,0.8187,23.9347,0.9932
06-12,164,24.2046,0.4736,24.0937,0.9823
06-13,165,24.2059,0.7904,24.2677,0.9657
06-14,166,24.1877,1.6566,24.4445,0.9598
06-15,167,24.5241,1.5242,24.6268,0.9326
06-16,168,25.0011,1.1142,24.8124,0.9199
06-17,169,25.0327,1.0983,24.9904,0.9143
06-18,170,24.8141,1.1278,25.1596,0.8833
06-19,171,25.2119,0.8554,25.3132,0.8213
06-20,172,25.6734,0.8612,25.4712,0.7883
06-21,173,26.0761,0.5916,25.6186,0.7654
06-22,174,26.3235,0.7068,25.7473,0.7524
06-23,175,26.6949,0.3482,25.8604,0.7529
06-24,176,26.4809,0.3292,25.9513,0.7291
06-25,177,26.0731,1.4062,26.0430,0.7230
06-26,178,26.2726,0.5404,26.1232,0.6952
06-27,179,26.4081,0.3700,26.2073,0.6825
06-28,180,26.9795,0.2541,26.2957,0.6906
06-29,181,26.5887,0.7243,26.3814,0.6849
06-30,182,26.8235,0.3724,26.4663,0.6571
07-01,183,27.1168,0.1643,26.5439,0.6280
07-02,184,27.1590,0.7166,26.6136,0.6099
07-03,185,27.4299,0.4076,26.6814,0.5950
07-04,186,27.1524,0.3390,26.7678,0.5846
07-05,187,27.5460,0.3745,26.8477,0.5624
07-06,188,27.5564,0.4409,26.9223,0.5560
07-07,189,27.3551,0.4491,26.9798,0.5791
07-08,190,26.9427,0.8085,27.0354,0.5857
07-09,191,26.4565,0.6074,27.0880,0.6132
07-10,192,26.6519,0.6776,27.1242,0.6500
07-11,193,26.5780,0.6025,27.1579,0.6630
07-12,194,26.9055,0.4241,27.1852,0.6677
07-13,195,26.9458,0.7254,27.2350,0.6738
07-14,196,26.8604,0.6144,27.2564,0.6894
07-15,197,26.8218,0.7953,27.2838,0.6974
07-16,198,26.9280,0.6213,27.2935,0.7067
07-17,199,27.1614,0.5538,27.2999,0.7251
07-18,200,27.1347,0.6345,27.3308,0.7109
07-19,201,27.4931,0.8073,27.3527,0.7119
07-20,202,27.6877,0.1670,27.3731,0.7296
07-21,203,27.9864,0.6630,27.3752,0.7386
07-22,204,27.8589,1.3067,27.3711,0.7760
07-23,205,28.0488,0.9101,27.3728,0.7984
07-24,206,28.3255,1.2016,27.3974,0.7953
07-25,207,27.6007,1.4711,27.4320,0.8008
07-26,208,27.1200,1.8070,27.4614,0.7920
07-27,209,27.1187,0.6866,27.4826,0.7919
07-28,210,27.9514,0.5587,27.4851,0.7888
07-29,211,27.6438,0.7385,27.4951,0.7732
07-30,212,27.4356,0.9731,27.5072,0.7703
07-31,213,27.1249,0.6607,27.5191,0.7799
08-01,214,27.3151,0.7339,27.5197,0.7981
08-02,215,28.1188,0.2754,27.5165,0.7891
08-03,216,28.1080,0.4393,27.5198,0.7823
08-04,217,27.7840,0.8876,27.5107,0.7930
08-05,218,27.6126,0.6545,27.4908,0.8077
08-06,219,27.4281,1.5995,27.4642,0.8026
08-07,220,27.4066,1.1450,27.4274,0.7842
08-08,221,27.7051,0.7128,27.3854,0.7744
08-09,222,27.5310,0.7764,27.3329,0.7488
08-10,223,27.5641,0.4057,27.3009,0.7190
08-11,224,27.2341,0.5995,27.2861,0.7077
08-12,225,26.9839,0.3255,27.2686,0.7062
08-13,226,27.2549,0.2421,27.2182,0.7013
08-14,227,27.2362,0.5253,27.1505,0.6905
08-15,228,27.1897,1.0946,27.0764,0.6839
08-16,229,26.9475,1.1839,27.0076,0.6990
08-17,230,27.0622,0.2767,26.9124,0.7460
08-18,231,27.2358,0.4224,26.7798,0.7874
08-19,232,27.2111,1.1393,26.6371,0.8176
08-20,233,27.0722,0.6222,26.5082,0.8214
08-21,234,27.1599,0.5036,26.3718,0.8294
08-22,235,26.7194,0.7371,26.2362,0.8124
08-23,236,26.7473,0.6076,26.1014,0.8199
08-24,237,26.6963,0.4056,25.9648,0.8452
08-25,238,26.6096,0.5494,25.8302,0.8459
08-26,239,26.6626,1.4549,25.6866,0.8826
08-27,240,26.5735,0.6414,25.5521,0.9152
08-28,241,26.3909,0.4081,25.4271,0.9343
08-29,242,25.5432,0.4029,25.2777,0.9657
08-30,243,25.1401,0.7669,25.1293,0.9924
08-31,244,24.9902,1.1306,24.9783,0.9809
09-01,245,24.3650,2.1900,24.8338,0.9646
09-02,246,24.0095,1.5581,24.6773,0.9952
09-03,247,23.6839,1.3775,24.5138,1.0100
09-04,248,23.7873,1.0043,24.3424,1.0341
09-05,249,23.3829,0.9029,24.1520,1.0726
09-06,250,23.2275,1.0729,23.9572,1.0749
09-07,251,23.2268,1.3766,23.7782,1.0694
09-08,252,23.4688,1.4979,23.5933,1.0865
09-09,253,23.3611,0.7976,23.4049,1.1215
09-10,254,23.1099,1.5416,23.1964,1.1590
09-11,255,23.0663,1.6124,22.9809,1.2135
09-12,256,23.1081,0.9172,22.7689,1.2560
09-13,257,22.6226,1.2166,22.5541,1.2681
09-14,258,22.6374,1.3503,22.3626,1.2674
09-15,259,22.5089,0.7379,22.1841,1.2695
09-16,260,22.4685,0.6788,22.0230,1.2625
09-17,261,22.2097,1.2268,21.8815,1.2227
09-18,262,22.1659,0.8799,21.7452,1.2111
09-19,263,21.8993,1.8888,21.6069,1.2224
09-20,264,21.1696,1.8149,21.4568,1.2496
09-21,265,21.1218,0.5759,21.3164,1.2512
09-22,266,21.1708,0.5650,21.1705,1.2837
09-23,267,21.0152,1.1383,21.0143,1.2937
09-24,268,20.8559,1.4915,20.8438,1.2883
09-25,269,20.1456,1.7115,20.6801,1.3218
09-26,270,19.9831,3.1446,20.5263,1.3324
09-27,271,20.0015,1.9588,20.3695,1.3269
09-28,272,19.7296,0.7811,20.1968,1.3437
09-29,273,19.6079,0.3824,20.0401,1.3353
09-30,274,19.6081,0.8305,19.8791,1.3499
10-01,275,19.9950,0.9142,19.7022,1.3725
10-02,276,19.9783,0.9568,19.5185,1.4007
10-03,277,19.7827,1.1977,19.3398,1.4084
10-04,278,19.3969,1.7302,19.1596,1.4144
10-05,279,19.1345,1.8450,18.9967,1.3857
10-06,280,19.0310,0.9526,18.8585,1.4167
10-07,281,18.7048,2.0807,18.7177,1.5055
10-08,282,18.3851,1.6881,18.5602,1.5474
10-09,283,18.1826,1.3283,18.4098,1.5679
10-10,284,18.2865,1.8389,18.2525,1.5424
10-11,285,18.3420,1.8689,18.1296,1.5355
10-12,286,18.2057,1.4406,17.9979,1.4649
10-13,287,17.7548,1.4401,17.8536,1.4250
10-14,288,17.7637,0.9557,17.7231,1.4326
10-15,289,17.6464,1.8035,17.6027,1.4533
10-16,290,17.0256,1.4362,17.4773,1.4935
10-17,291,16.7736,1.5555,17.3380,1.4876
10-18,292,16.6701,1.4649,17.1881,1.5181
10-19,293,16.5805,1.0647,17.0374,1.4963
10-20,294,16.8498,1.0009,16.9002,1.4787
10-21,295,16.8830,2.7744,16.7688,1.4706
10-22,296,16.7574,3.3279,16.6210,1.4947
10-23,297,16.2907,1.8641,16.4638,1.5013
10-24,298,16.3504,1.7761,16.3020,1.5006
10-25,299,15.9817,0.7003,16.1426,1.4900
10-26,300,16.3345,1.4956,15.9800,1.4661
10-27,301,15.8998,0.9566,15.8175,1.4305
10-28,302,15.5303,0.7225,15.6524,1.4685
10-29,303,15.6817,1.0157,15.4881,1.5248
10-30,304,15.8755,1.0257,15.3254,1.5552
10-31,305,15.7205,2.0773,15.1765,1.5752
11-01,306,15.6791,0.7310,15.0476,1.6640
11-02,307,15.3292,1.9001,14.9170,1.6834
11-03,308,15.1109,0.5246,14.7679,1.6795
11-04,309,15.1457,1.1827,14.6045,1.7241
11-05,310,15.0616,1.5941,14.4302,1.7837
11-06,311,14.4483,1.7005,14.2465,1.7488
11-07,312,13.8308,2.2848,14.0624,1.7568
11-08,313,13.3688,1.6664,13.8744,1.7705
11-09,314,13.2430,0.9994,13.6896,1.7750
11-10,315,13.2434,1.0999,13.5234,1.8427
11-11,316,13.3064,0.7635,13.3486,1.9180
11-12,317,13.0855,2.6205,13.1811,1.9657
11-13,318,12.6623,3.1829,13.0245,2.0202
11-14,319,12.7211,1.8989,12.8479,2.0371
11-15,320,13.0307,2.4243,12.6607,2.0721
11-16,321,13.0296,4.1873,12.4735,2.1427
11-17,322,12.7250,2.1576,12.2929,2.1761
11-18,323,12.0476,1.3454,12.1156,2.1756
11-19,324,11.5136,2.4448,11.9428,2.2147
11-20,325,11.4490,2.8500,11.7750,2.2389
11-21,326,11.1859,1.6930,11.6031,2.2519
11-22,327,11.0525,3.5766,11.4212,2.2312
11-23,328,10.4615,2.2877,11.2667,2.2223
11-24,329,10.6230,1.9162,11.1257,2.2376
11-25,330,10.8278,2.7997,10.9894,2.3042
11-26,331,10.9159,3.8280,10.8533,2.3561
11-27,332,10.7066,2.4359,10.7070,2.3932
11-28,333,10.6772,2.4124,10.5617,2.3522
11-29,334,10.2078,1.5381,10.4277,2.3095
11-30,335,10.0708,2.1113,10.2986,2.2883
12-01,336,9.9178,4.2654,10.1549,2.2507
12-02,337,10.0811,1.7669,9.9979,2.1908
12-03,338,9.8324,1.8861,9.8299,2.1980
12-04,339,9.7530,1.7363,9.6748,2.1818
12-05,340,9.9434,1.9320,9.5439,2.1407
12-06,341,9.7351,1.9960,9.4206,2.1087
12-07,342,8.8080,1.0585,9.3223,2.0811
12-08,343,9.0406,2.0103,9.2401,2.0181
12-09,344,8.9996,2.1403,9.1749,2.0076
12-10,345,9.0178,3.0652,9.1076,1.9875
12-11,346,9.0241,2.7079,9.0351,2.0131
12-12,347,8.7692,1.9142,8.9348,1.9791
12-13,348,8.5817,1.3492,8.8259,1.9483
12-14,349,8.5097,1.8576,8.7125,1.9070
12-15,350,8.7182,1.2422,8.6174,1.8841
12-16,351,8.5760,1.2587,8.5414,1.8816
12-17,352,8.1630,2.3310,8.4699,1.7820
12-18,353,7.5159,2.3823,8.3784,1.7702
12-19,354,7.2406,0.8422,8.3034,1.8068
12-20,355,7.4552,1.1718,8.2266,1.8159
12-21,356,7.6256,1.8559,8.1528,1.7838
12-22,357,8.1409,0.8389,8.0780,1.7521
12-23,358,8.5033,1.6215,8.0374,1.7616
12-24,359,8.4392,1.9625,8.0059,1.7452
12-25,360,8.5371,1.2929,7.9788,1.7556
12-26,361,8.5800,3.5933,7.9385,1.7299
12-27,362,7.8073,2.7743,7.8994,1.6987
12-28,363,7.3307,1.4823,7.8645,1.6938
12-29,364,7.1628,1.1325,7.8217,1.6963
12-30,365,7.2600,0.8275,7.7822,1.6893
12-31,366,7.7139,2.0334,7.7292,1.6835
