kind,date,value,t2m_mean,tp_mm
caldo_anomalo,2001-03-25,10.5300,22.4600,0.0000
caldo_anomalo,2020-05-14,8.9400,28.2800,0.0000
caldo_anomalo,2024-04-14,8.8000,22.0400,0.0000
caldo_anomalo,2024-04-15,8.6800,22.1300,0.0000
caldo_anomalo,2015-09-17,8.5600,30.7700,0.0000
caldo_anomalo,2022-06-05,8.5300,31.5200,0.9900
caldo_anomalo,2015-05-06,8.4900,25.6300,0.0000
caldo_anomalo,2015-05-05,8.4000,25.7300,0.0000
caldo_anomalo,2016-04-18,8.3900,21.8900,0.0000
caldo_anomalo,2001-03-24,8.3300,20.0100,0.0000
freddo_anomalo,2018-02-27,-10.4200,-1.4500,1.3900
freddo_anomalo,2017-01-11,-10.3600,-2.5500,0.3900
freddo_anomalo,2017-01-07,-9.6700,-2.1200,1.7200
freddo_anomalo,2018-02-28,-9.3100,-0.2500,0.7100
freddo_anomalo,1991-05-18,-9.3100,10.1900,7.3000
freddo_anomalo,2003-04-08,-9.1900,3.7500,1.3900
freddo_anomalo,2009-06-23,-9.1700,17.5300,1.9700
freddo_anomalo,1993-02-24,-9.0800,-0.1000,0.1000
freddo_anomalo,2006-11-04,-8.9100,6.2300,0.1000
freddo_anomalo,2007-10-22,-8.8100,7.9500,21.9700
pioggia_massima,2006-09-26,54.8300,18.4600,54.8300
pioggia_massima,2013-12-01,54.5200,11.7300,54.5200
pioggia_massima,2022-09-01,52.4600,22.5600,52.4600
pioggia_massima,2003-01-24,45.2000,9.0100,45.2000
pioggia_massima,2010-11-02,44.6100,15.0400,44.6100
pioggia_massima,1990-11-16,43.1300,13.8100,43.1300
pioggia_massima,1997-10-31,40.8100,12.8400,40.8100
pioggia_massima,2003-01-25,39.6900,10.1600,39.6900
pioggia_massima,2012-11-20,39.0100,14.3400,39.0100
pioggia_massima,2002-04-04,38.9400,11.0900,38.9400
salto_termico,2024-01-20,8.8900,6.2200,11.9500
salto_termico,1993-07-07,8.5500,20.5000,0.0400
salto_termico,1996-12-26,8.0700,3.3600,9.0100
salto_termico,2024-04-17,8.0100,13.7500,3.2800
salto_termico,2000-07-09,7.9700,22.8900,0.4500
salto_termico,2012-05-14,7.8800,13.0200,2.3200
salto_termico,2001-05-19,7.7100,19.4400,0.1000
salto_termico,1993-03-26,7.3700,6.3400,6.8800
salto_termico,2003-04-10,7.1600,12.1200,0.9700
salto_termico,2008-07-22,7.1300,22.5500,1.9300
