month,t2m_mean,t2m_p10,t2m_p90,tp_mean_total,rainy_days
1,7.3613,4.1157,10.7302,54.0176,8.9444
2,8.0218,4.0949,11.5088,45.8370,8.9722
3,10.6448,6.9901,14.1317,54.4633,9.3889
4,14.0890,10.3033,17.5751,53.2985,9.1667
5,19.3466,15.2651,23.3975,39.7800,7.7222
6,24.7356,20.3064,29.5083,28.3525,5.2778
7,27.2935,23.2801,31.2771,21.9083,4.5278
8,27.0076,23.3704,30.5267,21.6697,4.9167
9,22.0906,18.0238,25.9399,38.2226,6.8056
10,17.4773,13.8176,20.9603,46.2995,7.0000
11,12.5587,8.7003,16.3180,62.1575,8.9722
12,8.5421,5.0374,11.9160,58.2726,9.4722
