month_start,t2m_mean,tp_total
1990-01-01,6.8970,16.0935
1990-02-01,9.8130,8.7167
1990-03-01,12.1111,31.5317
1990-04-01,12.9041,60.2970
1990-05-01,19.5920,17.4382
1990-06-01,23.9908,9.5837
1990-07-01,25.7130,10.5096
1990-08-01,24.8440,25.6818
1990-09-01,21.4228,21.7872
1990-10-01,18.3530,48.2452
1990-11-01,12.3407,84.7697
1990-12-01,6.5555,104.7215
1991-01-01,6.7824,30.4241
1991-02-01,6.6976,25.9484
1991-03-01,11.8700,38.9931
1991-04-01,11.3037,80.9461
1991-05-01,14.6757,45.8595
1991-06-01,23.2820,12.3823
1991-07-01,26.0438,14.5697
1991-08-01,25.7022,14.4394
1991-09-01,22.3439,26.9055
1991-10-01,16.6847,39.2570
1991-11-01,11.5757,54.8723
1991-12-01,5.6001,47.6977
1992-01-01,6.0564,15.3660
1992-02-01,6.9822,17.8942
1992-03-01,9.9476,49.5018
1992-04-01,13.8114,95.6313
1992-05-01,18.6879,25.4615
1992-06-01,22.1005,36.1880
1992-07-01,24.7666,18.3558
1992-08-01,27.6490,4.8747
1992-09-01,22.3506,4.4267
1992-10-01,18.4237,14.3958
1992-11-01,13.2245,28.8105
1992-12-01,8.1317,74.5408
1993-01-01,5.8447,30.1389
1993-02-01,5.1198,61.8683
1993-03-01,8.3722,57.1453
1993-04-01,13.8202,31.4841
1993-05-01,19.6319,62.3037
1993-06-01,24.3508,13.7056
1993-07-01,25.6599,6.4159
1993-08-01,27.3671,6.9180
1993-09-01,21.9740,12.2118
1993-10-01,18.3765,31.7864
1993-11-01,11.2984,75.4520
1993-12-01,9.6855,72.9908
1994-01-01,7.9505,71.8158
1994-02-01,7.3971,79.5517
1994-03-01,11.6798,4.5356
1994-04-01,12.8764,65.2687
1994-05-01,19.5698,16.5194
1994-06-01,23.0064,33.1530
1994-07-01,26.2581,49.0192
1994-08-01,28.0457,5.3785
1994-09-01,23.8765,15.3456
1994-10-01,16.9054,34.0858
1994-11-01,12.8159,19.5268
1994-12-01,8.4087,28.3293
1995-01-01,6.6050,93.8794
1995-02-01,9.6306,19.8779
1995-03-01,8.9028,91.1334
1995-04-01,12.0942,60.6846
1995-05-01,18.3318,14.5830
1995-06-01,23.0659,4.8807
1995-07-01,27.2638,15.5370
1995-08-01,24.0556,66.4719
1995-09-01,20.1880,30.0082
1995-10-01,16.7964,2.4197
1995-11-01,10.0924,36.9480
1995-12-01,10.4292,43.1382
1996-01-01,8.4243,54.5583
1996-02-01,6.3758,59.4932
1996-03-01,8.3125,72.9463
1996-04-01,13.2549,32.8411
1996-05-01,18.9411,24.9010
1996-06-01,23.8628,38.0622
1996-07-01,24.9157,12.8523
1996-08-01,25.8079,16.8442
1996-09-01,18.7057,55.5223
1996-10-01,15.2570,67.8599
1996-11-01,12.4655,51.2615
1996-12-01,8.0621,85.4816
1997-01-01,8.0509,41.2603
1997-02-01,7.9920,28.7749
1997-03-01,10.1608,34.2999
1997-04-01,10.5880,50.3915
1997-05-01,20.0341,7.1461
1997-06-01,25.6487,8.7829
1997-07-01,25.7583,7.9625
1997-08-01,24.6957,19.1729
1997-09-01,22.2853,52.2034
1997-10-01,16.1317,118.9844
1997-11-01,12.4876,89.7280
1997-12-01,8.8176,32.0438
1998-01-01,7.4450,60.7550
1998-02-01,8.7232,50.2628
1998-03-01,8.6932,79.0826
1998-04-01,14.4422,17.8413
1998-05-01,18.1959,61.5268
1998-06-01,25.5609,3.8160
1998-07-01,27.9759,19.2552
1998-08-01,27.5497,24.8448
1998-09-01,21.6399,25.9742
1998-10-01,17.2264,28.4966
1998-11-01,10.5417,111.0078
1998-12-01,6.5525,31.0607
1999-01-01,6.7235,55.6591
1999-02-01,5.7378,37.2692
1999-03-01,10.3018,15.5673
1999-04-01,14.1160,30.4150
1999-05-01,20.6132,25.1716
1999-06-01,24.5303,22.8003
1999-07-01,25.4307,61.2757
1999-08-01,26.9382,17.0583
1999-09-01,22.3699,31.2002
1999-10-01,17.9202,20.9729
1999-11-01,11.7978,50.8947
1999-12-01,8.8550,57.1837
2000-01-01,5.6945,18.7990
2000-02-01,7.3281,60.1407
2000-03-01,10.3858,33.9263
2000-04-01,15.7510,61.7088
2000-05-01,21.2301,39.9056
2000-06-01,25.1328,18.1539
2000-07-01,25.8432,10.9683
2000-08-01,27.6763,5.0403
2000-09-01,21.8148,37.3199
2000-10-01,17.0053,58.8344
2000-11-01,13.6620,21.1922
2000-12-01,9.3888,50.2854
2001-01-01,9.1358,64.9721
2001-02-01,8.2959,24.3845
2001-03-01,14.4375,11.6975
2001-04-01,13.5315,42.4855
2001-05-01,20.4356,28.1895
2001-06-01,23.4348,42.6062
2001-07-01,27.1305,3.6723
2001-08-01,27.5136,3.4780
2001-09-01,20.4985,25.7109
2001-10-01,19.4234,14.6260
2001-11-01,11.4448,52.7949
2001-12-01,5.8602,66.3290
2002-01-01,4.7482,35.1908
2002-02-01,9.9342,12.6938
2002-03-01,12.6303,28.9999
2002-04-01,13.9633,96.2338
2002-05-01,19.3693,76.6970
2002-06-01,25.6277,17.3827
2002-07-01,26.4729,57.4590
2002-08-01,24.8622,52.5352
2002-09-01,19.8971,59.5765
2002-10-01,16.3888,33.1589
2002-11-01,14.3338,17.7960
2002-12-01,9.5780,121.1197
2003-01-01,8.4880,155.7498
2003-02-01,4.7951,54.5656
2003-03-01,9.2385,32.2855
2003-04-01,12.8981,29.1629
2003-05-01,21.5753,21.1012
2003-06-01,27.1863,16.3463
2003-07-01,27.9442,10.9965
2003-08-01,28.3819,43.2071
2003-09-01,20.7929,35.6793
2003-10-01,16.8156,69.2570
2003-11-01,13.2594,20.5532
2003-12-01,7.7234,121.6981
2004-01-01,6.8055,56.3830
2004-02-01,7.7030,22.3674
2004-03-01,9.5594,35.4995
2004-04-01,13.8406,78.9391
2004-05-01,16.7089,44.9136
2004-06-01,22.8266,84.5033
2004-07-01,27.1438,27.1735
2004-08-01,26.5585,20.6148
2004-09-01,21.6922,50.2758
2004-10-01,19.5762,16.2314
2004-11-01,12.1485,92.7096
2004-12-01,9.8215,115.2514
2005-01-01,5.6063,56.5174
2005-02-01,5.2150,91.7914
2005-03-01,9.6653,79.1368
2005-04-01,13.3024,45.6967
2005-05-01,20.5379,16.1142
2005-06-01,24.1417,17.4399
2005-07-01,27.1513,19.2724
2005-08-01,24.8353,39.3048
2005-09-01,21.8053,46.4540
2005-10-01,16.2456,32.7039
2005-11-01,11.5415,73.1977
2005-12-01,7.4348,93.2532
2006-01-01,5.9205,62.9287
2006-02-01,7.2368,82.2051
2006-03-01,9.1177,99.4486
2006-04-01,14.2575,58.2862
2006-05-01,19.0983,19.3889
2006-06-01,23.7050,35.8648
2006-07-01,26.6237,37.2694
2006-08-01,24.5815,31.5583
2006-09-01,22.2574,81.4630
2006-10-01,17.5958,10.2244
2006-11-01,11.3100,20.0606
2006-12-01,8.9431,48.3698
2007-01-01,9.0033,12.9646
2007-02-01,9.9030,54.2826
2007-03-01,11.5317,52.8920
2007-04-01,15.6594,70.9043
2007-05-01,20.3308,44.7808
2007-06-01,25.2614,51.2567
2007-07-01,28.5581,5.9434
2007-08-01,27.1507,4.8930
2007-09-01,20.5609,21.0245
2007-10-01,15.9648,92.3285
2007-11-01,9.9072,58.4610
2007-12-01,6.9330,57.5999
2008-01-01,8.0235,22.2985
2008-02-01,7.9842,12.7853
2008-03-01,11.0783,70.1304
2008-04-01,14.3844,58.8818
2008-05-01,20.2241,27.9917
2008-06-01,24.7825,37.5749
2008-07-01,27.8168,5.8876
2008-08-01,28.1518,4.2103
2008-09-01,21.1621,58.4212
2008-10-01,18.0076,9.1847
2008-11-01,12.7259,61.6663
2008-12-01,8.5197,120.6168
2009-01-01,8.2024,161.6346
2009-02-01,6.6880,40.4456
2009-03-01,10.0515,110.5487
2009-04-01,14.3057,107.9580
2009-05-01,20.5504,11.8500
2009-06-01,23.3068,50.8864
2009-07-01,27.2424,11.8612
2009-08-01,27.4860,12.3641
2009-09-01,22.3084,36.4631
2009-10-01,15.4619,113.2162
2009-11-01,11.7196,23.0073
2009-12-01,9.3064,67.2011
2010-01-01,6.9553,44.2196
2010-02-01,8.0758,61.9216
2010-03-01,10.2272,61.6004
2010-04-01,13.5726,60.6456
2010-05-01,18.2104,46.2623
2010-06-01,23.2954,36.7512
2010-07-01,27.2637,28.2225
2010-08-01,26.5500,4.4104
2010-09-01,20.7289,53.6214
2010-10-01,15.6345,121.6134
2010-11-01,12.7075,84.9265
2010-12-01,7.6199,37.3088
2011-01-01,6.8506,48.7747
2011-02-01,7.3994,33.1935
2011-03-01,9.8717,80.8670
2011-04-01,14.7057,66.1313
2011-05-01,18.4587,37.8397
2011-06-01,24.4317,19.3070
2011-07-01,26.3402,39.1625
2011-08-01,27.6708,7.8271
2011-09-01,25.0872,20.7623
2011-10-01,16.6899,28.0563
2011-11-01,12.1444,20.6238
2011-12-01,9.6226,21.7890
2012-01-01,6.6142,33.3725
2012-02-01,4.9380,82.5318
2012-03-01,12.3434,37.8413
2012-04-01,14.8550,78.8151
2012-05-01,19.0136,19.6242
2012-06-01,27.1783,0.5215
2012-07-01,29.1736,30.9059
2012-08-01,29.0734,1.2610
2012-09-01,22.5149,71.7808
2012-10-01,18.5108,41.5747
2012-11-01,14.0069,110.3339
2012-12-01,7.7355,59.8028
2013-01-01,7.6867,24.6273
2013-02-01,6.7940,56.4051
2013-03-01,10.5502,61.2119
2013-04-01,16.0313,16.5366
2013-05-01,19.0877,64.4325
2013-06-01,23.3955,24.2014
2013-07-01,26.5706,26.4979
2013-08-01,27.3681,16.5224
2013-09-01,22.7764,11.0047
2013-10-01,18.8955,16.4743
2013-11-01,13.4613,107.6800
2013-12-01,8.0089,88.2693
2014-01-01,9.1186,45.9330
2014-02-01,10.7311,66.9181
2014-03-01,10.9278,47.0581
2014-04-01,14.1601,96.6513
2014-05-01,17.6553,48.8977
2014-06-01,23.1988,72.0551
2014-07-01,25.0756,42.8774
2014-08-01,26.7669,5.8836
2014-09-01,21.7305,46.5330
2014-10-01,18.2542,64.5682
2014-11-01,14.3067,11.9413
2014-12-01,8.8204,33.0708
2015-01-01,7.7565,75.2007
2015-02-01,7.9034,60.1309
2015-03-01,10.3687,63.3932
2015-04-01,14.0471,30.6125
2015-05-01,20.8701,26.9788
2015-06-01,24.0934,45.0435
2015-07-01,29.8090,6.8788
2015-08-01,26.8777,44.7269
2015-09-01,23.5721,18.4435
2015-10-01,17.0325,92.2216
2015-11-01,12.2820,50.3500
2015-12-01,8.3721,2.3995
2016-01-01,8.1959,30.6033
2016-02-01,11.1347,44.0916
2016-03-01,10.6008,99.6183
2016-04-01,16.5052,30.7810
2016-05-01,19.0865,42.5874
2016-06-01,24.2349,42.9311
2016-07-01,27.9813,35.9060
2016-08-01,25.4447,47.5153
2016-09-01,20.5921,105.5777
2016-10-01,16.8191,46.4711
2016-11-01,12.9476,40.4798
2016-12-01,7.4613,18.3891
2017-01-01,4.8056,107.6828
2017-02-01,9.5262,34.4235
2017-03-01,12.3251,28.5006
2017-04-01,14.7308,32.2573
2017-05-01,20.0529,40.2776
2017-06-01,27.1308,9.7079
2017-07-01,28.6475,10.5264
2017-08-01,29.1883,4.4543
2017-09-01,21.3972,57.1039
2017-10-01,16.9154,25.6781
2017-11-01,11.7479,82.2450
2017-12-01,7.8680,32.5779
2018-01-01,9.0392,27.1864
2018-02-01,7.3064,80.5049
2018-03-01,10.4357,97.6182
2018-04-01,17.0186,13.3699
2018-05-01,20.2731,92.6640
2018-06-01,24.0721,46.2875
2018-07-01,27.7022,25.8566
2018-08-01,26.9301,70.2605
2018-09-01,22.9647,25.8693
2018-10-01,18.3892,100.5400
2018-11-01,13.1930,63.3532
2018-12-01,8.7917,36.8890
2019-01-01,5.9163,79.6425
2019-02-01,8.5057,26.9762
2019-03-01,11.7846,23.5998
2019-04-01,14.8377,49.0904
2019-05-01,16.0764,92.3751
2019-06-01,27.1106,13.0310
2019-07-01,27.8306,45.0073
2019-08-01,28.8696,13.7148
2019-09-01,23.0634,33.5249
2019-10-01,18.6433,30.2938
2019-11-01,14.4626,95.9668
2019-12-01,9.7382,34.2925
2020-01-01,7.6007,4.2040
2020-02-01,10.3480,41.6058
2020-03-01,11.4087,57.9061
2020-04-01,14.6121,59.2252
2020-05-01,20.0672,55.1669
2020-06-01,23.4629,28.3246
2020-07-01,27.2094,16.2372
2020-08-01,28.2001,33.2268
2020-09-01,23.7934,23.3593
2020-10-01,16.4524,31.1380
2020-11-01,13.0522,81.5391
2020-12-01,9.3168,79.3903
2021-01-01,7.3156,64.2918
2021-02-01,9.3144,39.2548
2021-03-01,9.6068,46.5340
2021-04-01,12.8587,39.0453
2021-05-01,19.7047,19.1911
2021-06-01,26.8739,21.0690
2021-07-01,29.0093,20.7183
2021-08-01,28.4215,16.7902
2021-09-01,23.5876,14.3793
2021-10-01,16.4133,69.2847
2021-11-01,14.0235,94.2010
2021-12-01,9.6740,58.8236
2022-01-01,7.2824,42.9246
2022-02-01,8.9830,77.6371
2022-03-01,8.4225,49.7812
2022-04-01,13.5796,25.1050
2022-05-01,21.9059,26.8033
2022-06-01,28.3294,27.9556
2022-07-01,29.2979,20.8523
2022-08-01,27.1472,28.6240
2022-09-01,22.0903,92.2726
2022-10-01,18.5396,14.2567
2022-11-01,13.3315,144.9137
2022-12-01,10.7970,35.8219
2023-01-01,8.4861,84.1208
2023-02-01,7.8098,9.6898
2023-03-01,11.5934,58.8360
2023-04-01,13.0702,73.5180
2023-05-01,17.9147,120.5458
2023-06-01,23.7533,55.5452
2023-07-01,30.3078,7.6205
2023-08-01,27.3446,20.2341
2023-09-01,24.7562,20.6983
2023-10-01,21.2112,22.5884
2023-11-01,14.4312,72.6025
2023-12-01,10.5820,21.1849
2024-01-01,9.6276,47.4698
2024-02-01,10.9646,40.5532
2024-03-01,12.6060,46.0973
2024-04-01,16.5556,33.2325
2024-05-01,20.4906,32.9784
2024-06-01,26.9560,12.5361
2024-07-01,30.0365,14.1692
2024-08-01,29.7559,23.4175
2024-09-01,22.8096,36.5874
2024-10-01,19.6887,30.5969
2024-11-01,12.8432,43.8792
2024-12-01,9.0908,66.1143
2025-01-01,9.3478,66.9912
2025-02-01,9.4432,48.9742
2025-03-01,12.0937,70.9121
2025-04-01,14.9571,37.6702
2025-05-01,19.2753,33.6109
2025-06-01,28.1595,10.0516
2025-07-01,28.5974,11.0023
2025-08-01,26.8099,22.3513
2025-09-01,23.8515,16.5216
2025-10-01,16.5319,75.1572
2025-11-01,12.4786,87.9250
2025-12-01,9.4403,32.7790
